assumption_id,assumption_name,s3_3c_source_mechanism_id,source_card_ids_or_evidence,low_value,central_value,high_value,unit,central_value_rationale,classification,approved_input_status,s3_3d_decision,freeze_implication
S33D_ASSUMP_001,limited utility heat and steam boundary structure,S33C_MECH_001,WAG-SC-014;WAG-SC-015;WAG-SC-016;WAG-SC-017;STEEL-WAG-EVID-0043,,qualitative interface abstraction,,qualitative,"Public evidence supports a site utility/interface boundary, not a unit-commitment model.",boundary evidence,not_approved_input,retain structure for provisional validation,"structure can remain, but numeric utility dispatch remains provisional"
S33D_ASSUMP_002,downstream/light-side utility natural-gas boundary,S33C_MECH_002,PBL/TNO-style Tata reconstruction via S3.3c source-support register,7.5,7.75,8.0,PJ_NG_NCV_per_year,Midpoint of the governed 7.5-8.0 PJ/y candidate boundary range.,provisional input,not_approved_input,use low/central/high only for retained-ensemble validation,cannot freeze until source-card review promotes the boundary value or keeps Table 9 contextual
S33D_ASSUMP_003,Dutch natural-gas NCV conversion,S33C_MECH_003,S3.3c candidate conversion evidence,0.03165,0.03165,0.03165,GJ_per_Nm3,Used only to convert the candidate PJ/y boundary to Nm3/h for validation reporting.,candidate input,not_approved_input,retain for transparent conversion in S3.3d artifacts,requires normal input-governance promotion if carried forward
S33D_ASSUMP_004,WAG hierarchy before power and flare,S33C_MECH_004,WAG-SC-007;WAG-SC-008;WAG-SC-018;s3_wag_policy_decision_register,,"process/steam/heat before power, flare last",,qualitative hierarchy,Matches established S3 WAG allocation policy and prevents WAG double-counting.,boundary evidence,not_approved_input,retain as structural policy,numeric heat/steam sinks still need governed values
S33D_ASSUMP_005,WAG-to-power efficiency sensitivity,S33C_MECH_005,STEEL-SC-0010;STEEL-WAG-EVID-0022,0.321,0.3715,0.422,fraction_LHV_to_electricity,Midpoint of the source-carded public 32.1-42.2% candidate efficiency range.,sensitivity only,not_approved_input,"use low/central/high as retained-ensemble sensitivity, not as Tata dispatch truth",not sufficient by itself to promote C1 validation
S33D_ASSUMP_006,Vattenfall/VN24/VN25/IJM-01 operating details,S33C_MECH_001,STEEL-WAG-EVID-0043;STEEL-WAG-EVID-0044;STEEL-WAG-EVID-0045,,interface context only,,qualitative/context,Public records support interface existence but not dispatch or unit-commitment coefficients.,context only,not_approved_input,do not model as plant-specific dispatch,Table 9 WAG-power validation remains broader-boundary/contextual without stronger evidence
S33D_ASSUMP_007,generic S3.3a WAG availability factor,S33C_MECH_006,s3_3a_c1_structural_diagnostic_results.csv,,0.75,,diagnostic_fraction,Diagnostic symptom only; not source-carded.,rejected,blocked,not promoted,must not be used for freeze
S33D_ASSUMP_008,generic S3.3a C1 NG gap-closure residual,S33C_MECH_006,s3_3a_c1_structural_diagnostic_results.csv,,89.478,,m3_per_t_final_product,Back-calculated diagnostic gap closure only; not source-carded.,rejected,blocked,not promoted,must not be used for freeze
S33D_ASSUMP_009,inherited C0 residual natural-gas closure in C1,S3.3 calibration parameter residual_c0_ng_m3_per_t_final,s3_3_calibration_parameter_register.csv;s3_3_selected_parameter_ensemble.csv,,candidate-set-specific,,m3_per_t_final_product,C0 calibration closure is carried into C1 validation unless explicitly decomposed.,source needed,blocked,audit and block from freeze promotion,S3.3 cannot freeze with this term ambiguous
