input_id,carrier_id,configuration,carrier_group,input_value_raw,input_unit_raw,target_unit,unit_conversion_needed,hourly_cap_guard,sign_convention,sign_check_status,unit_check_status,source_id,source_class,candidate_source_file,evidence_quality,public_reportability,source_status,approval_status,intended_use,required_phase,review_status,promotion_status,missing_evidence_before_approval,approval_blocker,reviewer_notes,notes
CAR01,iron_ore,both,metallic_input,structural_carrier_definition_only,n_a,tonnes,no,not_applicable,positive_material_flow_magnitude,review_pending,review_pending,S03,site_public,topology_assets_candidates.csv,medium_high,public,candidate_not_approved,candidate_not_approved,carrier_definition_review_only,S2,candidate_row_normalised,not_ready,Needs explicit loader-side carrier dictionary and route linkage,No approved carrier dictionary exists yet,Review-only metallic input carrier.
CAR02,pellets,both,metallic_input,structural_carrier_definition_only,n_a,tonnes,no,not_applicable,positive_material_flow_magnitude,review_pending,review_pending,S03,site_public,topology_assets_candidates.csv,medium_high,public,candidate_not_approved,candidate_not_approved,carrier_definition_review_only,S2,candidate_row_normalised,not_ready,Needs explicit loader-side carrier dictionary and route linkage,No approved carrier dictionary exists yet,Review-only pellet carrier.
CAR03,ferrous_burden,both,metallic_input,structural_carrier_definition_only,n_a,tonnes,no,not_applicable,positive_material_flow_magnitude,review_pending,review_pending,WC01;WC15,technology_literature,technology_range_candidates.csv,medium,public,candidate_not_approved,candidate_not_approved,carrier_definition_review_only,S2,candidate_row_normalised,not_ready,Needs decision whether combined burden carrier is allowed in approved tables,Generic burden category is not yet frozen,Generic burden-review carrier only.
CAR04,hot_metal,both,intermediate_metal,structural_carrier_definition_only,n_a,tonnes,no,not_applicable,positive_material_flow_magnitude,review_pending,review_pending,S03,site_public,topology_assets_candidates.csv,high,public,candidate_not_approved,candidate_not_approved,carrier_definition_review_only,S2,candidate_row_normalised,not_ready,Needs route-specific material-balance convention,No approved material-balance sign convention exists yet,Review-only hot-metal carrier.
CAR05,dri,phase1_hybrid_bf_bof_plus_dri_eaf,intermediate_metal,structural_carrier_definition_only,n_a,tonnes,no,not_applicable,positive_material_flow_magnitude,review_pending,review_pending,S02;S03,site_public,topology_assets_candidates.csv,high,public,candidate_not_approved,candidate_not_approved,carrier_definition_review_only,S2,candidate_row_normalised,not_ready,Needs hot-DRI versus cold-DRI handling freeze,No approved DRI handling convention exists yet,Review-only DRI carrier.
CAR06,scrap,both,metallic_input,structural_carrier_definition_only,n_a,tonnes,no,not_applicable,positive_material_flow_magnitude,review_pending,review_pending,S03,site_public,topology_assets_candidates.csv,high,public,candidate_not_approved,candidate_not_approved,carrier_definition_review_only,S2,candidate_row_normalised,not_ready,Needs route-specific scrap-share treatment and sign convention,Public scrap-share ranges remain non-executable,Review-only scrap carrier.
CAR07,liquid_steel,both,intermediate_metal,structural_carrier_definition_only,n_a,tonnes,no,not_applicable,positive_material_flow_magnitude,review_pending,review_pending,S03,site_public,topology_assets_candidates.csv,high,public,candidate_not_approved,candidate_not_approved,carrier_definition_review_only,S2,candidate_row_normalised,not_ready,Needs route-to-sink handoff convention,No approved sink-delivery convention exists yet,Review-only liquid-steel carrier.
CAR08,slab_wip,both,downstream_intermediate,structural_carrier_definition_only,n_a,tonnes,no,not_applicable,positive_material_flow_magnitude,review_pending,review_pending,WC09;WC10,technology_literature,technology_range_candidates.csv,medium,public,candidate_not_approved,candidate_not_approved,carrier_definition_review_only,S2,candidate_row_normalised,not_ready,Needs slab-versus-WIP abstraction and endpoint-rule freeze,No approved downstream inventory abstraction exists yet,Review-only slab/WIP carrier.
CAR09,finished_flat_output,both,final_output,structural_carrier_definition_only,n_a,tonnes,no,not_applicable,positive_material_flow_magnitude,review_pending,review_pending,S03;S09,site_public,topology_assets_candidates.csv,medium_high,public,candidate_not_approved,candidate_not_approved,carrier_definition_review_only,S2,candidate_row_normalised,not_ready,Needs production-target metric freeze and sink mapping review,No approved finished-product abstraction exists yet,Review-only finished-output carrier.
