buffer_gate_id,store_id,configuration_id,buffer_type,candidate_for_s2_10b_activation,capacity_ready,initial_inventory_ready,terminal_rule_ready,expected_model_role,fake_flexibility_risk,required_builder_guard,activation_status,next_action,thesis_usability
S2_10A_BUF_001,c0_hot_metal_buffer,C0_current_BF_BOF_reference,hot_metal_buffer,true,true,true,true,small_sync_only,medium,cap_small_sync_only_and_no_multi_day_carry,guarded_ready,Allow_only_guarded_C0_hot_metal_inventory_activation_after_builder_refusal_rules_are_added,false
S2_10A_BUF_002,c1_hot_metal_buffer,C1_phase1_hybrid_BF_BOF_NG_DRP_EAF,hot_metal_buffer,true,true,true,true,small_sync_only,medium,cap_small_sync_only_and_no_multi_day_carry,guarded_ready,Allow_only_guarded_C1_retained_route_hot_metal_inventory_activation_after_builder_refusal_rules_are_added,false
S2_10A_BUF_003,c1_dri_hdri_buffer,C1_phase1_hybrid_BF_BOF_NG_DRP_EAF,dri_hdri_surge_buffer,true,true,true,true,main_short_term_decoupling_buffer,medium,allow_only_C1_DRP_EAF_decoupling_role_and_refuse_unreviewed_sensitivity_expansion,guarded_ready,Use_as_the_first_candidate_for_buffer_aware_S2_10b_inventory_activation,false
S2_10A_BUF_004,c0_slab_wip_buffer,C0_current_BF_BOF_reference,cold_slab_slab_wip,false,false,false,false,later_downstream_medium_term_buffer,high,refuse_until_downstream_scope_and_tonne_translation_are_reviewed,deferred_non_executable,Keep_non_executable_until_downstream_tonnes_and_sink_scope_are_grounded,false
S2_10A_BUF_005,c1_slab_wip_buffer,C1_phase1_hybrid_BF_BOF_NG_DRP_EAF,cold_slab_slab_wip,false,false,false,false,later_downstream_medium_term_buffer,high,refuse_until_downstream_scope_and_tonne_translation_are_reviewed,deferred_non_executable,Keep_non_executable_until_downstream_tonnes_and_sink_scope_are_grounded,false
S2_10A_BUF_006,c0_hot_slab_transfer_buffer,C0_current_BF_BOF_reference,hot_slab_wip,false,false,false,false,tiny_thermal_transfer_only,very_high,refuse_any_strategic_multi_hour_or_multi_day_activation,deferred_non_executable,Keep_policy_only_or_tiny_feasibility_only_treatment,false
S2_10A_BUF_007,c1_hot_slab_transfer_buffer,C1_phase1_hybrid_BF_BOF_NG_DRP_EAF,hot_slab_wip,false,false,false,false,tiny_thermal_transfer_only,very_high,refuse_any_strategic_multi_hour_or_multi_day_activation,deferred_non_executable,Keep_policy_only_or_tiny_feasibility_only_treatment,false
S2_10A_BUF_008,liquid_steel_ladle_tundish_policy_reference,C0_current_BF_BOF_reference;C1_phase1_hybrid_BF_BOF_NG_DRP_EAF,liquid_steel_ladle_tundish,false,false,false,false,omit_or_tiny_feasibility_only,very_high,refuse_inventory_activation_and_keep_out_of_flexibility_value_claims,excluded_or_policy_only,Do_not_create_strategic_liquid_steel_or_ladle_inventory_rows_without_new_review,false
S2_10A_BUF_009,excluded_coke_sinter_pellet_finished_goods_reference,C0_current_BF_BOF_reference;C1_phase1_hybrid_BF_BOF_NG_DRP_EAF,excluded_scope_stocks,false,false,false,false,excluded_from_s2_base_flexibility,very_high,refuse_any_builder_activation_and_keep_out_of_base_flexibility,excluded,Keep_coke_sinter_pellet_and_finished_goods_out_of_S2_10b,false
